feature,importance,cumulative_importance
repair_history,0.11430082311791767,0.11430082311791767
supporting_evidence_available,0.09771610120696689,0.21201692432488456
damage_type,0.09195027592406409,0.30396720024894863
warranty_remaining_days,0.09170542351490549,0.39567262376385415
product_age_days,0.05090780111899886,0.446580424882853
fault_date,0.04804891693888898,0.49462934182174195
claim_date,0.0452203214812108,0.5398496633029528
warranty_expiry_date,0.038761223854641785,0.5786108871575946
purchase_information_consistent,0.03687815139603239,0.6154890385536269
receipt_valid,0.03666872276936639,0.6521577613229933
warranty_start_date,0.033418455731996234,0.6855762170549895
purchase_date,0.03181739129686974,0.7173936083518593
reporting_days,0.029820971601466142,0.7472145799533254
fault_description,0.025660865138817206,0.7728754450921426
unauthorized_repair,0.023828751768838443,0.796704196860981
fault_category,0.022070265252912995,0.818774462113894
missing_documents_count,0.01848610894661231,0.8372605710605063
missing_documents,0.01684047946528971,0.854101050525796
authorized_service_center,0.015435675206670118,0.8695367257324661
last_repair_date,0.014511650536103211,0.8840483762685694
retailer,0.012701888827004628,0.896750265095574
purchase_price,0.012589852342191635,0.9093401174377657
brand,0.012095883613267655,0.9214360010510333
warranty_provider,0.011960759002853526,0.9333967600538868
model,0.010969813115039138,0.9443665731689259
extended_warranty,0.010445758345733734,0.9548123315146596
replacement_requested,0.008411263254053636,0.9632235947687132
previous_repair_count,0.008133254871890313,0.9713568496406035
physical_damage,0.006424417735648964,0.9777812673762525
warranty_duration_months,0.006303024589492509,0.984084291965745
liquid_damage,0.006130942067725956,0.9902152340334709
product_category,0.0045008009335641965,0.9947160349670351
receipt_available,0.003951027578948075,0.9986670625459831
serial_evidence_available,0.0007114360987091606,0.9993784986446923
repair_report_available,0.0003546574254934109,0.9997331560701858
product_image_available,0.00020566160401278222,0.9999388176741986
warranty_card_available,6.118232580112781e-05,0.9999999999999997
fault_evidence_available,0.0,0.9999999999999997
previous_replacement_date,0.0,0.9999999999999997
previous_replacement_count,0.0,0.9999999999999997
previous_replacement,0.0,0.9999999999999997
